{"last_tab":"","wp_estate_general_country":"Spain","wp_estate_measure_sys":"m","wp_estate_enable_user_pass":"yes","wp_estate_redirect_users":"no","wp_estate_redirect_custom_link":"","wp_estate_separate_users":"no","wp_estate_publish_only":"","wp_estate_delete_orphan":"yes","wp_estate_date_lang":"en-GB","wp_estate_disable_theme_cache":"no","wp_estate_google_analytics_code":"","wp_estate_wide_status":"1","wp_estate_prop_no":"6","wp_estate_blog_sidebar":"no sidebar","wp_estate_blog_sidebar_name":"primary-widget-area","wp_estate_property_list_type":"1","wp_estate_property_list_type_adv":"2","wp_estate_align_style_half":"2","wp_estate_favicon_image":{"url":"","id":"","height":"","width":"","thumbnail":""},"wp_estate_logo_image":{"url":"","id":"","height":"","width":"","thumbnail":""},"wp_estate_transparent_logo_image":{"url":"","id":"","height":"","width":"","thumbnail":""},"wp_estate_mobile_logo_image":{"url":"","id":"","height":"","width":"","thumbnail":""},"wp_estate_logo_image_retina":{"url":"","id":"","height":"","width":"","thumbnail":""},"wp_estate_transparent_logo_image_retina":{"url":"","id":"","height":"","width":"","thumbnail":""},"wp_estate_mobile_logo_image_retina":{"url":"","id":"","height":"","width":"","thumbnail":""},"wp_estate_show_top_bar_user_menu":"no","wp_estate_show_top_bar_mobile_menu":"no","wp_estate_show_submit":"yes","wp_estate_show_top_bar_user_login":"yes","wp_estate_modal_image":{"url":"","id":"","height":"","width":"","thumbnail":""},"wp_estate_show_menu_dashboard":"yes","wp_estate_logo_header_type":"type1","wp_estate_logo_header_align":"center","wp_estate_header_type":"4","wp_estate_global_revolution_slider":"","wp_estate_global_header":{"url":"","id":"","height":"","width":"","thumbnail":""},"wp_estate_user_header_type":"0","wp_estate_global_revolution_slider_user":"","wp_estate_global_header_image_user":{"url":"","id":"","height":"","width":"","thumbnail":""},"wp_estate_header_type_taxonomy":"1","wp_estate_header_taxonomy_revolution_slider":"","wp_estate_header_taxonomy_image":{"url":"http:\/\/demo-install.wpestate.org\/wp-content\/uploads\/2020\/10\/beach_aerial5.jpg","id":"27967","height":"1302","width":"1920","thumbnail":"http:\/\/demo-install.wpestate.org\/wp-content\/uploads\/2020\/10\/beach_aerial5-150x150.jpg"},"wp_estate_paralax_header":"yes","wp_estate_use_upload_tax_page":"no","wp_estate_wide_header":"no","wp_estate_transparent_menu":"no","wp_estate_transparent_menu_listing":"no","wp_estate_footer_background":{"url":"","id":"","height":"","width":"","thumbnail":""},"wp_estate_repeat_footer_back":"no repeat","wp_estate_wide_footer":"no","wp_estate_copyright_message":"Copyright Text. All Rights Reserved.","wp_estate_prices_th_separator":".","wp_estate_currency_label_main":"\u20ac","wp_estate_where_currency_symbol":"after","wp_estate_currency_symbol":"EUR","wp_estate_auto_curency":"no","wp_estate_currencyconverterapi_api":"","wp_estate_booking_type":"1","wp_estate_setup_weekend":"0","wp_estate_date_format":"0","wp_estate_custom_guest_control":"yes","wp_estate_guest_dropdown_no":"15","wp_estate_month_no_show":"12","wp_estate_week_days":"7","wp_estate_month_days":"30","wpestate_custom_fields_list":{"add_field_name":["Check-in hour","Check-Out hour","Late Check-in","Optional services","Outdoor facilities","Extra People","Cancellation"],"add_field_label":["Check-in hour","Check-Out hour","Late Check-in","Optional services","Outdoor facilities","Extra People","Cancellation"],"add_field_order":["1","2","3","4","5","6","7"],"add_field_type":["short text","short text","short text","short text","short text","short text","short text"],"add_dropdown_order":["","","","","","",""]},"wp_estate_show_no_features":"yes","wp_estate_property_adr_text":"Address","wp_estate_property_features_text":"Features","wp_estate_property_description_text":"Description","wp_estate_property_details_text":"Listing Details ","wp_estate_property_price_text":"Price Details","wp_estate_sleeping_text":"Sleeping Situation","wp_estate_terms_text":"Terms and Conditions","wp_estate_bed_list":"King Bed,Queen Bed,Double,Single,Couch","wp_estate_theme_slider":["141","115"],"wp_estate_theme_slider_manual":"","wp_estate_slider_cycle":"0","wp_estate_theme_slider_type":"type2","wp_estate_spash_header_type":"image slider","wp_estate_splash_slider_gallery":"1954,1957","wp_estate_splash_slider_transition":"3000","wp_estate_splash_image":{"url":"","id":"","height":"","width":"","thumbnail":""},"wp_estate_splash_video_mp4":{"url":"","id":"","height":"","width":"","thumbnail":""},"wp_estate_splash_video_webm":{"url":"","id":"","height":"","width":"","thumbnail":""},"wp_estate_splash_video_ogv":{"url":"","id":"","height":"","width":"","thumbnail":""},"wp_estate_splash_video_cover_img":{"url":"","id":"","height":"","width":"","thumbnail":""},"wp_estate_splash_overlay_image":{"url":"","id":"","height":"","width":"","thumbnail":""},"wp_estate_splash_overlay_color":"#1a1717","wp_estate_splash_overlay_opacity":"0.5","wp_estate_splash_page_title":"Add a Splash Page","wp_estate_splash_page_subtitle":"demo with image slider","wp_estate_splash_page_logo_link":"","wp_estate_url_rewrites":["properties","listings","action","city","area","features","status","owners"],"wp_estate_use_gdpr":"no","wp_estate_company_name":"Ibiza Demo","wp_estate_co_address":"Business Park Theale C1, Center Berkshire RS1 5A1, Ibiza","wp_estate_email_adr":"youremail@gmail.com","wp_estate_duplicate_email_adr":"","wp_estate_telephone_no":"(305) 555-4446","wp_estate_mobile_no":"(305) 555-4555","wp_estate_fax_ac":"(305) 555-4555","wp_estate_skype_ac":"skypeidname","wp_estate_hq_latitude":"38.907561","wp_estate_hq_longitude":"1.415120","wp_estate_facebook_link":"#","wp_estate_twitter_link":"#","wp_estate_google_link":"#","wp_estate_linkedin_link":"#","wp_estate_pinterest_link":"#","wp_estate_instagram_ac":"#","wp_estate_youtube_ac":"#","wp_estate_social_register_on":"no","wp_estate_facebook_login":"no","wp_estate_facebook_api":"","wp_estate_facebook_secret":"","wp_estate_google_login":"no","wp_estate_google_oauth_api":"","wp_estate_google_oauth_client_secret":"","wp_estate_google_api_key":"","wp_estate_twiter_login":"no","wp_estate_twitter_consumer_key":"","wp_estate_twitter_consumer_secret":"","wp_estate_twitter_access_token":"","wp_estate_twitter_access_secret":"","wp_estate_twitter_cache_time":"","wp_estate_kind_of_map":"1","wp_estate_kind_of_places":"1","wp_estate_readsys":"no","wp_estate_map_max_pins":"30","wp_estate_api_key":"","wp_estate_mapbox_api_key":"","wp_estate_algolia_app_id":"","wp_estate_algolia_api_key":"","wp_estate_general_latitude":"38.907561","wp_estate_general_longitude":"1.415120","wp_estate_default_map_zoom":"4","wp_estate_pin_cluster":"yes","wp_estate_zoom_cluster":"10","wp_estate_geolocation_radius":"1000","wp_estate_min_height":"550","wp_estate_max_height":"650","wp_estate_keep_min":"no","wp_estate_map_style":"[{\"featureType\":\"landscape\",\"stylers\":[{\"hue\":\"#FFBB00\"},{\"saturation\":43.400000000000006},{\"lightness\":37.599999999999994},{\"gamma\":1}]},{\"featureType\":\"road.highway\",\"stylers\":[{\"hue\":\"#FFC200\"},{\"saturation\":-61.8},{\"lightness\":45.599999999999994},{\"gamma\":1}]},{\"featureType\":\"road.arterial\",\"stylers\":[{\"hue\":\"#FF0300\"},{\"saturation\":-100},{\"lightness\":51.19999999999999},{\"gamma\":1}]},{\"featureType\":\"road.local\",\"stylers\":[{\"hue\":\"#FF0300\"},{\"saturation\":-100},{\"lightness\":52},{\"gamma\":1}]},{\"featureType\":\"water\",\"stylers\":[{\"hue\":\"#0078FF\"},{\"saturation\":-13.200000000000003},{\"lightness\":2.4000000000000057},{\"gamma\":1}]},{\"featureType\":\"poi\",\"stylers\":[{\"hue\":\"#00FF6A\"},{\"saturation\":-1.0989010989011234},{\"lightness\":11.200000000000017},{\"gamma\":1}]}]","wp_estate_use_price_pins":"yes","wp_estate_use_price_pins_full_price":"yes","wp_estate_use_single_image_pin":"no","wp_estate_single_pin":{"url":"","id":"","height":"","width":"","thumbnail":""},"wp_estate_cloud_pin":{"url":"","id":"","height":"","width":"","thumbnail":""},"wp_estate_entire-home":{"url":"","id":"","height":"","width":"","thumbnail":""},"wp_estate_private-room":{"url":"","id":"","height":"","width":"","thumbnail":""},"wp_estate_shared-room":{"url":"","id":"","height":"","width":"","thumbnail":""},"wp_estate_apartment":{"url":"","id":"","height":"","width":"","thumbnail":""},"wp_estate_b-b":{"url":"","id":"","height":"","width":"","thumbnail":""},"wp_estate_bungalow":{"url":"","id":"","height":"","width":"","thumbnail":""},"wp_estate_cabin":{"url":"","id":"","height":"","width":"","thumbnail":""},"wp_estate_condominium":{"url":"","id":"","height":"","width":"","thumbnail":""},"wp_estate_condos":{"url":"","id":"","height":"","width":"","thumbnail":""},"wp_estate_dorm":{"url":"","id":"","height":"","width":"","thumbnail":""},"wp_estate_house":{"url":"","id":"","height":"","width":"","thumbnail":""},"wp_estate_loft":{"url":"","id":"","height":"","width":"","thumbnail":""},"wp_estate_townhouse":{"url":"","id":"","height":"","width":"","thumbnail":""},"wp_estate_villa":{"url":"","id":"","height":"","width":"","thumbnail":""},"wp_estate_apartmententire-home":{"url":"","id":"","height":"","width":"","thumbnail":""},"wp_estate_b-bentire-home":{"url":"","id":"","height":"","width":"","thumbnail":""},"wp_estate_bungalowentire-home":{"url":"","id":"","height":"","width":"","thumbnail":""},"wp_estate_cabinentire-home":{"url":"","id":"","height":"","width":"","thumbnail":""},"wp_estate_condominiumentire-home":{"url":"","id":"","height":"","width":"","thumbnail":""},"wp_estate_condosentire-home":{"url":"","id":"","height":"","width":"","thumbnail":""},"wp_estate_dormentire-home":{"url":"","id":"","height":"","width":"","thumbnail":""},"wp_estate_houseentire-home":{"url":"","id":"","height":"","width":"","thumbnail":""},"wp_estate_loftentire-home":{"url":"","id":"","height":"","width":"","thumbnail":""},"wp_estate_townhouseentire-home":{"url":"","id":"","height":"","width":"","thumbnail":""},"wp_estate_villaentire-home":{"url":"","id":"","height":"","width":"","thumbnail":""},"wp_estate_apartmentprivate-room":{"url":"","id":"","height":"","width":"","thumbnail":""},"wp_estate_b-bprivate-room":{"url":"","id":"","height":"","width":"","thumbnail":""},"wp_estate_bungalowprivate-room":{"url":"","id":"","height":"","width":"","thumbnail":""},"wp_estate_cabinprivate-room":{"url":"","id":"","height":"","width":"","thumbnail":""},"wp_estate_condominiumprivate-room":{"url":"","id":"","height":"","width":"","thumbnail":""},"wp_estate_condosprivate-room":{"url":"","id":"","height":"","width":"","thumbnail":""},"wp_estate_dormprivate-room":{"url":"","id":"","height":"","width":"","thumbnail":""},"wp_estate_houseprivate-room":{"url":"","id":"","height":"","width":"","thumbnail":""},"wp_estate_loftprivate-room":{"url":"","id":"","height":"","width":"","thumbnail":""},"wp_estate_townhouseprivate-room":{"url":"","id":"","height":"","width":"","thumbnail":""},"wp_estate_villaprivate-room":{"url":"","id":"","height":"","width":"","thumbnail":""},"wp_estate_apartmentshared-room":{"url":"","id":"","height":"","width":"","thumbnail":""},"wp_estate_b-bshared-room":{"url":"","id":"","height":"","width":"","thumbnail":""},"wp_estate_bungalowshared-room":{"url":"","id":"","height":"","width":"","thumbnail":""},"wp_estate_cabinshared-room":{"url":"","id":"","height":"","width":"","thumbnail":""},"wp_estate_condominiumshared-room":{"url":"","id":"","height":"","width":"","thumbnail":""},"wp_estate_condosshared-room":{"url":"","id":"","height":"","width":"","thumbnail":""},"wp_estate_dormshared-room":{"url":"","id":"","height":"","width":"","thumbnail":""},"wp_estate_houseshared-room":{"url":"","id":"","height":"","width":"","thumbnail":""},"wp_estate_loftshared-room":{"url":"","id":"","height":"","width":"","thumbnail":""},"wp_estate_townhouseshared-room":{"url":"","id":"","height":"","width":"","thumbnail":""},"wp_estate_villashared-room":{"url":"","id":"","height":"","width":"","thumbnail":""},"wp_estate_userpin":{"url":"","id":"","height":"","width":"","thumbnail":""},"wp_estate_header_height":"","wp_estate_sticky_header_height":"","wp_estate_border_bottom_header":"","wp_estate_border_bottom_header_color":"","wp_estate_listing_page_type":"3","wp_estate_replace_booking_form":"no","wp_estate_show_sleeping_arrangements":"yes","wp_estate_show_terms_conditions":"yes","wp_estate_show_map_location":"no","wp_estate_use_custom_icon_area":"no","wp_estate_use_custom_icon_font_size":"","wp_estate_property_page_header":{"property_unit_field_name":["","","","",""],"property_unit_field_image":["","","","",""],"property_unit_field_label":["","","","",""],"unit_field_value":["none","none","none","none","none"]},"wp_estate_listing_unit_type":"2","wp_estate_prop_page_new_tab":"_self","wp_estate_prop_list_slider":"yes","wp_estate_listing_unit_style_half":"1","wp_estate_custom_listing_fields":{"unit_field_name":["","","",""],"unit_field_label":["","","",""],"unit_field_value":["none","none","none","none"]},"wp_estate_custom_icons_infobox":"no","wp_estate_custom_infobox_fields":{"infobox_field_icon":["",""],"unit_field_value":["none","none"]},"wp_estate_on_child_theme":"","wp_estate_main_color":"#e63264","wp_estate_background_color":"#f7f7f7","wp_estate_breadcrumbs_font_color":"","wp_estate_font_color":"","wp_estate_link_color":"","wp_estate_headings_color":"","wp_estate_footer_back_color":"#323232","wp_estate_footer_font_color":"#fafafa","wp_estate_widget_title_footer_font_color":"#ffffff","wp_estate_footer_copy_color":"#fafafa","wp_estate_footer_copy_back_color":"#323232","wp_estate_sidebar_widget_color":"","wp_estate_sidebar_heading_color":"","wp_estate_sidebar2_font_color":"","wp_estate_box_content_back_color":"","wp_estate_box_content_border_color":"","wp_estate_hover_button_color":"#b3274e","wp_estate_header_color":"#ffffff","wp_estate_top_bar_back":"","wp_estate_top_bar_font":"","wp_estate_menu_font_color":"","wp_estate_top_menu_hover_font_color":"#e63264","wp_estate_active_menu_font_color":"#e63264","wp_estate_transparent_menu_font_color":"","wp_estate_transparent_menu_hover_font_color":"#ee3467","wp_estate_sticky_menu_font_color":"","wp_estate_menu_items_color":"#4d5567","wp_estate_menu_item_back_color":"#ffffff","wp_estate_menu_hover_font_color":"","wp_estate_top_menu_font_size":"","wp_estate_menu_item_font_size":"","wp_estate_top_menu_hover_back_font_color":"#ffffff","wp_estate_top_menu_hover_type":"3","wp_estate_custom_css":".advanced_search_shortcode {\r\n    background-color: #ffffff59;\r\n    border: 0px solid #e7e9ef;\r\n}\r\n\r\n.adv-search-3 {\r\n    padding: 0px 11px 4px 11px;\r\n}","wp_estate_general_font":"","wp_estate_headings_font_subset":"","wp_estate_subject_new_user":"Your username and password on %website_url","wp_estate_new_user":"Hi there,\r\nWelcome to %website_url ! You can login now using the below credentials:\r\nUsername:%user_login_register\r\nPassword: %user_pass_register\r\nIf you have any problems, please contact me.\r\nThank you!","wp_estate_subject_admin_new_user":"New User Registration","wp_estate_admin_new_user":"New user registration on %website_url.\r\nUsername: %user_login_register,\r\nE-mail: %user_email_register","wp_estate_subject_purchase_activated":"Your purchase was activated","wp_estate_purchase_activated":"Hi there,\r\nYour purchase on %website_url is activated! You should go check it out.","wp_estate_subject_password_reset_request":"Password Reset Request","wp_estate_password_reset_request":"Someone requested that the password be reset for the following account:\r\n%website_url\r\nUsername: %forgot_username .\r\nIf this was a mistake, just ignore this email and nothing will happen. To reset your password, visit the following address:%reset_link,\r\nThank You!","wp_estate_subject_password_reseted":"Your Password was Reset","wp_estate_password_reseted":"Your new password for the account at: %website_url:\r\nUsername:%user_login,\r\nPassword:%user_pass\r\nYou can now login with your new password at: %website_url","wp_estate_subject_approved_listing":"Your listing was approved","wp_estate_approved_listing":"Hi there,\r\nYour listing, %property_title was approved on %website_url ! The listing is: %property_url.\r\nYou should go check it out.","wp_estate_subject_admin_expired_listing":"Expired Listing sent for approval on %website_url","wp_estate_admin_expired_listing":"Hi there,\r\nA user has re-submited a new property on %website_url ! You should go check it out.\r\nThis is the property title: %submission_title.","wp_estate_subject_paid_submissions":"New Paid Submission on %website_url","wp_estate_paid_submissions":"Hi there,\r\nYou have a new paid submission on %website_url ! You should go check it out.","wp_estate_subject_featured_submission":"New Feature Upgrade on  %website_url","wp_estate_featured_submission":"Hi there,\r\nYou have a new featured submission on %website_url ! You should go check it out.","wp_estate_subject_account_downgraded":"Account Downgraded on %website_url","wp_estate_account_downgraded":"Hi there,\r\nYou downgraded your subscription on %website_url. Because your listings number was greater than what the actual package offers, we set the status of all your listings to expired. You will need to choose which listings you want live and send them again for approval.\r\nThank you!","wp_estate_subject_membership_cancelled":"Membership Cancelled on %website_url","wp_estate_membership_cancelled":"Hi there,\r\nYour subscription on %website_url was cancelled because it expired or the recurring payment from the merchant was not processed. All your listings are no longer visible for our visitors but remain in your account.\r\nThank you.","wp_estate_subject_free_listing_expired":"Free Listing expired on %website_url","wp_estate_free_listing_expired":"Hi there,\r\nOne of your free listings on %website_url has expired. The listing is %expired_listing_url.\r\nThank you!","wp_estate_subject_new_listing_submission":"New Listing Submission on %website_url","wp_estate_new_listing_submission":"Hi there,\r\nA user has submited a new property on %website_url ! You should go check it out.This is the property title %new_listing_title!","wp_estate_subject_recurring_payment":"Recurring Payment on %website_url","wp_estate_recurring_payment":"Hi there,\r\nWe charged your account on %merchant for a subscription on %website_url ! You should go check it out.","wp_estate_subject_membership_activated":"Membership Activated on %website_url","wp_estate_membership_activated":"Hi there,\r\nYour new membership on %website_url is activated! You should go check it out.","wp_estate_subject_agent_update_profile":"Profile Update","wp_estate_agent_update_profile":"A user updated his profile on %website_url.\r\nUsername: %user_login","wp_estate_subject_bookingconfirmeduser":"Booking Confirmed on %website_url","wp_estate_bookingconfirmeduser":"Hi there,\r\nYour booking made on %website_url was confirmed! You can see all your reservations by logging in your account and visiting My Reservations page.","wp_estate_subject_bookingconfirmed":"Booking Confirmed on %website_url","wp_estate_bookingconfirmed":"Hi there,\r\nSomebody confirmed a booking on %website_url! You should go and check it out!Please remember that the confirmation is made based on the payment confirmation of a non-refundable fee of the total invoice cost, processed through %website_url and sent to website administrator.","wp_estate_subject_bookingconfirmed_nodeposit":"Booking Confirmed on %website_url","wp_estate_bookingconfirmed_nodeposit":"Hi there,\r\nYou confirmed a booking on %website_url! The booking was confirmed with no deposit!","wp_estate_subject_inbox":"New Message on %website_url.","wp_estate_inbox":"Hi there,\r\nYou have a new message on %website_url! You should go and check it out!\r\nThe message is:\r\n%content","wp_estate_subject_newbook":"New Booking Request on %website_url.","wp_estate_newbook":"Hi there,\r\nYou have received a new booking request on %website_url ! Go to your account in Bookings page to see the request, issue the invoice or reject it!\r\nThe property is: %booking_property_link","wp_estate_subject_mynewbook":"You booked a period on %website_url.","wp_estate_mynewbook":"Hi there,\r\nYou have booked a period for your own listing on %website_url ! The reservation will appear in your account, under My Bookings.\r\nThe property is: %booking_property_link","wp_estate_subject_newinvoice":"New Invoice on %website_url.","wp_estate_newinvoice":"Hi there,\r\nAn invoice was generated for your booking request on %website_url ! A deposit will be required for booking to be confirmed. For more details check out your account, My Reservations page.","wp_estate_subject_deletebooking":"Booking Request Rejected on %website_url","wp_estate_deletebooking":"Hi there,\r\nOne of your booking requests sent on %website_url was rejected by the owner. The rejected reservation is automatically removed from your account.","wp_estate_subject_deletebookinguser":"Booking Request Cancelled on %website_url","wp_estate_deletebookinguser":"Hi there,\r\nOne of the unconfirmed booking requests you received on %website_url was cancelled! The request is automatically deleted from your account!","wp_estate_subject_deletebookingconfirmed":"Booking Period Cancelled on %website_url.","wp_estate_deletebookingconfirmed":"Hi there,\r\nOne of your confirmed bookings on %website_url was cancelled by property owner.","wp_estate_subject_new_wire_transfer":"You ordered a new Wire Transfer","wp_estate_new_wire_transfer":"We received your Wire Transfer payment request on %website_url !\r\nPlease follow the instructions below in order to start submitting properties as soon as possible.\r\nThe invoice number is: %invoice_no, Amount: %total_price.\r\nInstructions: %payment_details.","wp_estate_subject_admin_new_wire_transfer":"Somebody ordered a new Wire Transfer","wp_estate_admin_new_wire_transfer":"Hi there,\r\nYou received a new Wire Transfer payment request on %website_url.\r\nThe invoice number is: %invoice_no, Amount: %total_price.\r\nPlease wait until the payment is made to activate the user purchase.","wp_estate_subject_full_invoice_reminder":"Invoice payment reminder","wp_estate_full_invoice_reminder":"Hi there,\r\nWe remind you that you need to fully pay the invoice no %invoice_id until %until_date. This invoice is for booking no %booking_id on property %property_title with the url %property_url.\r\nThank you.","wp_estate_subject_new_user_id_verification":"New User ID verification","wp_estate_new_user_id_verification":"A user added his User ID verification image on %website_url.\r\nUsername: %user_login.\r\nYou can check the verification status here: %user_profile_url","wp_estate_use_captcha":"no","wp_estate_recaptha_sitekey":"","wp_estate_recaptha_secretkey":"","wp_estate_yelp_client_id":"","wp_estate_yelp_client_secret":"","wp_estate_yelp_results_no":"","wp_estate_yelp_dist_measure":"miles","wp_estate_item_rental_type":"0","wp_estate_show_guest_number":"yes","wp_estate_show_city_drop_submit":"yes","wp_estate_submission_page_fields":["prop_category_submit","prop_action_category_submit","property_city_front","property_area_front","property_description","property_affiliate","property_price","property_taxes","property_price_per_week","property_price_per_month","price_per_weekeend","cleaning_fee","city_fee","min_days_booking","security_deposit","early_bird_percent","extra_price_per_guest","checkin_change_over","checkin_checkout_change_over","extra_options","custom_prices","attachid","embed_video_id","embed_video_type","virtual_tour","property_size","property_rooms","property_bedrooms","property_bathrooms","cancellation_policy","smoking_allowed","pets_allowed","party_allowed","children_allowed","other_rules","property_address","property_zip","property_county","property_state","property_map","property_latitude","property_longitude","google_camera_angle","check-in-hour","check-out-hour","late-check-in","optional-services","outdoor-facilities","extra-people","cancellation","air-conditioner","amenities","bar-restaurant","bed-and-bath","bed-linens","breakfast-included","coffee-maker","cooking-basics","dining","dishwasher","dryer","elevator-in-building","essentials","facilities","family-kid-friendly","free-parking-on-premises","garden-or-backyard","gym","hair-dryer","scanner-printer","hangers","heating","high-chair","hot-tub","indoor-fireplace","internet","iron","kitchen","non-smoking","pets-allowed","phone-booth-lines","pool","refrigerator","shampoo","smoking-allowed","tv","washer","wheelchair-accessible","wireless-internet"],"wp_estate_mandatory_page_fields":["prop_category_submit","prop_action_category_submit","property_city_front","property_area_front"],"wp_estate_category_main":"","wp_estate_category_main_dropdown":"","wp_estate_category_second":"","wp_estate_category_second_dropdown":"","wp_estate_item_description_label":"","wp_estate_prop_image_number":"","wp_estate_submit_redirect":"","wp_estate_paid_submission":"no","wp_estate_free_mem_list":"0","wp_estate_free_mem_list_unl":"","wp_estate_free_feat_list":"0","wp_estate_free_feat_list_expiration":"0","wp_estate_price_submission":"0","wp_estate_price_featured_submission":"0","wp_estate_paypal_api":"sandbox","wp_estate_admin_submission":"yes","wp_estate_submission_curency":"USD","wp_estate_enable_direct_pay":"no","wp_estate_direct_payment_details":"","wp_estate_submission_curency_custom":"","wp_estate_enable_woo":"no","wp_estate_include_expenses":"no","wp_estate_book_down":"50","wp_estate_book_down_fixed_fee":"","wp_estate_service_fee":"10","wp_estate_service_fee_fixed_fee":"","wp_estate_enable_paypal":"no","wp_estate_paypal_client_id":"","wp_estate_paypal_client_secret":"","wp_estate_paypal_rec_email":"","wp_estate_enable_stripe":"no","wp_estate_stripe_secret_key":"","wp_estate_stripe_publishable_key":"","wp_estate_stripe_webhook":"","wp_estate_show_adv_search_general":"yes","wp_estate_show_adv_search_slider":"yes","wp_estate_ondemandmap":"yes","wp_estate_wpestate_autocomplete":"yes","wp_estate_wpestate_autocomplete_use_list":"no","wp_estate_show_empty_city":"no","wp_estate_adv_search_type":"type3","wp_estate_show_slider_min_price":"0","wp_estate_show_slider_max_price":"1000","wp_estate_show_adv_search_extended":"no","wp_estate_show_dropdowns":"yes","wp_estate_adv_search_label_for_form":"","wp_estate_adv_search_fields_no":"3","wp_estate_search_fields_no_per_row":"4","wpestate_set_search":{"adv_search_what":["check_in","check_out","guest_no"],"adv_search_how":["greater","smaller","equal"],"adv_search_label":["Check-In","Check-Out","Guests"],"search_field_label":["far fa-calendar-alt","far fa-calendar-alt","fas fa-user"]},"wp_estate_adv_search_fields_no_half_map":"9","wp_estate_search_fields_no_per_row_half_map":"3","wpestate_set_search_half_map":{"adv_search_what":["Location","guest_no","check_in","check_out","property_category","property_action_category","property_bedrooms","property_bathrooms","property_price"],"adv_search_how":["like","equal","date bigger","date smaller","like","like","greater","greater","equal"],"adv_search_label":["Location","Guests","Check-In","Check-Out","Type","Category","Bedrooms","Bathrooms",""],"search_field_label":["fas fa-map-marker","fas fa-user","fas fa-calendar-alt","fas fa-calendar-alt","fas fa-home","fas fa-home","fas fa-bed","fas fa-bath",""]},"wp_estate_use_geo_location":"yes","wp_estate_geo_radius_measure":"km","wp_estate_initial_radius":"2","wp_estate_min_geo_radius":"1","wp_estate_max_geo_radius":"10","wp_estate_sticky_search":"no","wp_estate_use_float_search_form":"yes","wp_estate_float_form_top":"20%","wp_estate_float_form_top_tax":"15%","wp_estate_search_on_start":"no","wp_estate_adv_back_color":"#ffffff","wp_estate_adv_back_color_opacity":"0.3","wp_estate_adv_search_back_button":"#e63264","wp_estate_adv_search_back_hover_button":"#e50b49","wp_estate_sms_verification":"no","wp_estate_twilio_phone_no":"","wp_estate_twilio_api_key":"","wp_estate_twilio_auth_token":"","wp_estate_sms_validation":"","wp_estate_sms_admin_new_user":"","wp_estate_sms_password_reset_request":"","wp_estate_sms_password_reseted":"","wp_estate_sms_approved_listing":"","wp_estate_sms_admin_expired_listing":"","wp_estate_sms_paid_submissions":"","wp_estate_sms_featured_submission":"","wp_estate_sms_account_downgraded":"","wp_estate_sms_membership_cancelled":"","wp_estate_sms_free_listing_expired":"","wp_estate_sms_new_listing_submission":"","wp_estate_sms_recurring_payment":"","wp_estate_sms_membership_activated":"","wp_estate_sms_agent_update_profile":"","wp_estate_sms_bookingconfirmeduser":"","wp_estate_sms_bookingconfirmed":"","wp_estate_sms_bookingconfirmed_nodeposit":"","wp_estate_sms_inbox":"","wp_estate_sms_newbook":"","wp_estate_sms_mynewbook":"","wp_estate_sms_newinvoice":"","wp_estate_sms_deletebooking":"","wp_estate_sms_deletebookinguser":"","wp_estate_sms_deletebookingconfirmed":"","wp_estate_sms_new_wire_transfer":"","wp_estate_sms_admin_new_wire_transfer":"","wp_estate_sms_full_invoice_reminder":"","wp_estate_support":"no","wp_estate_adv_search_what":["check_in","check_out","guest_no"],"wp_estate_adv_search_how":["greater","smaller","equal"],"wp_estate_adv_search_label":["Check-In","Check-Out","Guests"],"wp_estate_search_field_label":["far fa-calendar-alt","far fa-calendar-alt","fas fa-user"],"wp_estate_adv_search_what_half_map":["Location","guest_no","check_in","check_out","property_category","property_action_category","property_bedrooms","property_bathrooms","property_price"],"wp_estate_adv_search_how_half_map":["like","equal","date bigger","date smaller","like","like","greater","greater","equal"],"wp_estate_adv_search_label_half_map":["Location","Guests","Check-In","Check-Out","Type","Category","Bedrooms","Bathrooms",""],"wp_estate_search_field_label_half_map":["fas fa-map-marker","fas fa-user","fas fa-calendar-alt","fas fa-calendar-alt","fas fa-home","fas fa-home","fas fa-bed","fas fa-bath",""],"redux-backup":"1"}